user_id,username,followers,following,posts,account_age_days,bio,has_profile_pic,likes_per_day,comments_per_day,label,timestamp,source_id,target_id
U1001,cyber_nova,2400,420,880,1400,"Security analyst",1,85,7,0,2025-12-01T08:12:00Z,U1001,U1003
U1001,cyber_nova,2400,420,880,1400,"Security analyst",1,85,7,0,2025-12-02T09:45:00Z,U1001,U1004
U1001,cyber_nova,2400,420,880,1400,"Security analyst",1,85,7,0,2025-12-03T11:05:00Z,U1001,U1005
U1001,cyber_nova,2400,420,880,1400,"Security analyst",1,85,7,0,2025-12-04T10:18:00Z,U1001,U1006
U1001,cyber_nova,2400,420,880,1400,"Security analyst",1,85,7,0,2025-12-05T07:52:00Z,U1001,U1007
U1002,news_wave,8200,380,1500,1800,"Tech news",1,190,12,0,2025-12-01T06:10:00Z,U1002,U1008
U1002,news_wave,8200,380,1500,1800,"Tech news",1,190,12,0,2025-12-01T12:40:00Z,U1002,U1004
U1002,news_wave,8200,380,1500,1800,"Tech news",1,190,12,0,2025-12-02T09:05:00Z,U1002,U1003
U1002,news_wave,8200,380,1500,1800,"Tech news",1,190,12,0,2025-12-03T13:55:00Z,U1002,U1005
U1002,news_wave,8200,380,1500,1800,"Tech news",1,190,12,0,2025-12-04T15:30:00Z,U1002,U1006
U1003,bot_rapid,25,1900,5800,70,"Promo only",0,280,92,1,2025-12-01T01:05:00Z,U1003,U1010
U1003,bot_rapid,25,1900,5800,70,"Promo only",0,280,92,1,2025-12-01T01:16:00Z,U1003,U1011
U1003,bot_rapid,25,1900,5800,70,"Promo only",0,280,92,1,2025-12-01T01:24:00Z,U1003,U1012
U1003,bot_rapid,25,1900,5800,70,"Promo only",0,280,92,1,2025-12-01T02:10:00Z,U1003,U1013
U1003,bot_rapid,25,1900,5800,70,"Promo only",0,280,92,1,2025-12-01T02:40:00Z,U1003,U1014
U1004,design_mood,1500,520,620,1300,"Designer",1,60,5,0,2025-12-01T09:10:00Z,U1004,U1001
U1004,design_mood,1500,520,620,1300,"Designer",1,60,5,0,2025-12-02T09:30:00Z,U1004,U1002
U1004,design_mood,1500,520,620,1300,"Designer",1,60,5,0,2025-12-03T10:20:00Z,U1004,U1005
U1004,design_mood,1500,520,620,1300,"Designer",1,60,5,0,2025-12-04T11:00:00Z,U1004,U1006
U1004,design_mood,1500,520,620,1300,"Designer",1,60,5,0,2025-12-05T10:40:00Z,U1004,U1007
U1005,bot_ring_x,18,2100,6400,55,"Click link",0,320,110,1,2025-12-02T00:30:00Z,U1005,U1015
U1005,bot_ring_x,18,2100,6400,55,"Click link",0,320,110,1,2025-12-02T00:45:00Z,U1005,U1016
U1005,bot_ring_x,18,2100,6400,55,"Click link",0,320,110,1,2025-12-02T01:00:00Z,U1005,U1017
U1005,bot_ring_x,18,2100,6400,55,"Click link",0,320,110,1,2025-12-02T01:20:00Z,U1005,U1018
U1005,bot_ring_x,18,2100,6400,55,"Click link",0,320,110,1,2025-12-02T01:45:00Z,U1005,U1019
U1006,travel_day,1800,600,840,1100,"Travel guide",1,70,6,0,2025-12-01T10:15:00Z,U1006,U1002
U1006,travel_day,1800,600,840,1100,"Travel guide",1,70,6,0,2025-12-02T11:10:00Z,U1006,U1003
U1006,travel_day,1800,600,840,1100,"Travel guide",1,70,6,0,2025-12-03T12:05:00Z,U1006,U1004
U1006,travel_day,1800,600,840,1100,"Travel guide",1,70,6,0,2025-12-04T10:25:00Z,U1006,U1005
U1006,travel_day,1800,600,840,1100,"Travel guide",1,70,6,0,2025-12-05T11:45:00Z,U1006,U1007
